﻿<?xml version="1.0"?>
<doc>
<assembly>
<name>
BWConnect
</name>
</assembly>
<members>
<member name="M:BWConnect.BW.setFiscalYear(System.String,System.String)">
	<summary>
 Set the fiscal year
 </summary>
	<param name="FYFrom">Fiscal year from</param>
	<param name="FYTo">Fiscal year to</param>
	<remarks></remarks>
</member><member name="M:BWConnect.BW.setMIRPeriod(System.String,System.String)">
	<summary>
 Set the MIR fiscal year
 </summary>
	<param name="FYFrom">Fiscal year from</param>
	<param name="FYTo">Fiscal year to</param>
	<remarks></remarks>
</member><member name="M:BWConnect.BW.setCalendarMonth(System.String,System.String)">
	<summary>
 Set the Calendar Month
 </summary>
	<param name="calendarFrom">Fiscal year from (MM.yyyy)</param>
	<param name="calendarTo">Fiscal year to (MM.yyyy)</param>
	<remarks></remarks>
</member><member name="M:BWConnect.BW.setLoadingDate(System.String,System.String)">
	<summary>
 Set the Calendar Month
 </summary>
	<param name="DateFrom">Date From value</param>
	<param name="DateTo">Date To Value</param>
	<remarks></remarks>
</member><member name="M:BWConnect.BW.setFiscalYear(System.String)">
	<summary>
 Change Fiscal Year (only)
 </summary>
	<param name="Period">New Period</param>
	<remarks>It still all the comparison operations</remarks>
</member><member name="M:BWConnect.BW.setMIRPeriod(System.String)">
	<summary>
 Change MIR Period (only)
 </summary>
	<param name="Period">New Period</param>
	<remarks>It still all the comparison operations</remarks>
</member><member name="P:BWConnect.BW.PageNumber">
	<summary>
 Get the page Number
 </summary>
	<returns>The page Number</returns>
	<remarks></remarks>
</member><member name="P:BWConnect.BW.RequestNumber">
	<summary>
 Get the Request Number
 </summary>
	<returns>Request Number</returns>
	<remarks></remarks>
</member><member name="M:BWConnect.BW.CollapseData(System.String)">
	<summary>
 Collapse Data
 </summary>
	<param name="Description">Description of the data to collapse</param>
	<remarks></remarks>
</member><member name="M:BWConnect.BW.CallJavascript(System.String)">
	<summary>
 Call a javascript function
 </summary>
	<param name="Javascript">Javascript function</param>
	<remarks></remarks>
</member><member name="T:BWConnect.BW">
	<summary>
 Class to set settings and downlaod data from BW
 </summary>
	<remarks></remarks>
</member><member name="P:BWConnect.My.Resources.Resources.ResourceManager">
	<summary>
  Devuelve la instancia de ResourceManager almacenada en caché utilizada por esta clase.
</summary>
</member><member name="P:BWConnect.My.Resources.Resources.Culture">
	<summary>
  Reemplaza la propiedad CurrentUICulture del subproceso actual para todas las
  búsquedas de recursos mediante esta clase de recurso con establecimiento inflexible de tipos.
</summary>
</member><member name="T:BWConnect.My.Resources.Resources">
	<summary>
  Clase de recurso con establecimiento inflexible de tipos, para buscar cadenas traducidas, etc.
</summary>
</member><member name="T:BWConnect.IE.SEARCH_TYPE">
	<summary>
 Type of search an object
 </summary>
	<remarks></remarks>
</member><member name="T:BWConnect.IE.CONTROL_EVENTS">
	<summary>
 Control of the eventes
 </summary>
	<remarks></remarks>
</member><member name="M:BWConnect.IE.#ctor">
	<summary>
 Initial setup class
 </summary>
	<remarks></remarks>
</member><member name="P:BWConnect.IE.IE">
	<summary>
 Return IEObject
 </summary>
	<value></value>
	<returns>Primary IEObject</returns>
	<remarks></remarks>
</member><member name="P:BWConnect.IE.IE2">
	<summary>
 Return IEObject2 (Second objet for downloads and other functions)
 </summary>
	<value></value>
	<returns>Secondary IE object</returns>
	<remarks></remarks>
</member><member name="M:BWConnect.IE.OpenWebPage(System.String)">
	<summary>
 Open a web page on the primary IEObject
 </summary>
	<param name="URL">URL to open</param>
	<remarks></remarks>
</member><member name="M:BWConnect.IE.OpenWebPage(System.String,System.Net.CookieCollection)">
	<summary>
 Open a web page on the primary IEObject
 </summary>
	<param name="URL">URL to open</param>
	<param name="cookies">Cookies colection</param>
	<remarks>IFR</remarks>
</member><member name="M:BWConnect.IE.OpenWebPageNOIFR(System.String,System.Net.CookieCollection)">
	<summary>
 Open a web page on the primary IEObject In NO IFR system
 </summary>
	<param name="URL">URL to open</param>
	<param name="cookies">Cookies colection</param>
	<remarks>NO IFR</remarks>
</member><member name="M:BWConnect.IE.OpenSecondaryWebPage(System.String)">
	<summary>
 Open a web page on the secundary IEObject
 </summary>
	<param name="URL">URL to open</param>
	<remarks>This is for download data or others functions that need to the primary page still open</remarks>
</member><member name="M:BWConnect.IE.SetText(System.String,System.String,BWConnect.IE.SEARCH_TYPE)">
	<summary>
 Set text to a texbox
 </summary>
	<param name="TextBoxControl">Description of the textbox to change</param>
	<param name="Text">Text to search</param>
	<param name="TypeValue">Type of search (By name or by id)</param>
	<remarks></remarks>
</member><member name="M:BWConnect.IE.SetCheck(System.String,System.Boolean,BWConnect.IE.SEARCH_TYPE)">
	<summary>
 Set check or uncheck a checkbox
 </summary>
	<param name="CheckControlValue">Description of the checkbox to change</param>
	<param name="Check">True = check, false = uncheck</param>
	<param name="TypeValue">Type of search (By name or by id)</param>
	<remarks></remarks>
</member><member name="M:BWConnect.IE.PressButton(System.String,BWConnect.IE.SEARCH_TYPE)">
	<summary>
 Press a button
 </summary>
	<param name="ButtonControlValue">Description of the button to press</param>
	<param name="TypeValue">Type of search (By name or by id)</param>
	<remarks></remarks>
</member><member name="M:BWConnect.IE.SelectComboBoxItem(System.String,System.Int32,BWConnect.IE.SEARCH_TYPE)">
	<summary>
 Set a comboox to an index
 </summary>
	<param name="ComboBoxControlValue">Description of the combobox to change</param>
	<param name="Index">Index of the item to set</param>
	<param name="TypeValue">Type of search (By name or by id)</param>
	<remarks></remarks>
</member><member name="M:BWConnect.IE.ExecuteEvent(System.String,BWConnect.IE.CONTROL_EVENTS,BWConnect.IE.SEARCH_TYPE)">
	<summary>
 Execute an event on a control
 </summary>
	<param name="ControlValue">Descritpion of the control to call the event</param>
	<param name="EventName">Name of the event to execute <example>OnChange</example></param>
	<param name="TypeValue">Type of search (By name or by id)</param>
	<remarks>Just the event on change has been programed</remarks>
</member><member name="M:BWConnect.IE.ExecuteJavascript(System.String)">
	<summary>
 Call a javascript function
 </summary>
	<param name="JavaScriptUrl">Javascript url <example>javascript:SAPBWBUTTON('PROCESS_HELP_WINDOW','FILTER_SUBMIT','0')</example></param>
	<remarks></remarks>
</member><member name="M:BWConnect.IE.ExecuteActionForm(System.String)">
	<summary>
 Call to an action scrit of the form <example>Submit</example>
	</summary>
	<param name="ActionScript">Action script name</param>
	<remarks></remarks>
</member><member name="M:BWConnect.IE.ExecuteActionForm(System.Int32,System.String)">
	<summary>
 Call to an action scrit of the form <example>Submit</example>
	</summary>
	<param name="ActionScript">Action script name</param>
	<remarks></remarks>
</member><member name="M:BWConnect.IE.ControlDisplay(System.String,BWConnect.IE.SEARCH_TYPE,System.Boolean)">
	<summary>
 Search for an Display object to know if this existe or not
 </summary>
	<param name="ControlValue">Name of the control</param>
	<param name="TypeValue">Type of search (By name or by id)</param>
	<returns>True = The control exists, False = the control not exists</returns>
	<remarks></remarks>
</member><member name="M:BWConnect.IE.LoadPage(System.Boolean)">
	<summary>
 Block the code execution until the page is completed loaded
 </summary>
	<remarks></remarks>
</member><member name="M:BWConnect.IE.LoadObject">
	<summary>
 Block the code execution untli the SAP BW Process BOX exists
 </summary>
	<remarks></remarks>
</member><member name="M:BWConnect.IE.close">
	<summary>
 Close the current IE Object
 </summary>
	<remarks></remarks>
</member><member name="P:BWConnect.IE.Visible">
	<summary>
 Set visible or invisible the IE
 </summary>
	<value>True or False to visible property</value>
	<returns>If is visible or not</returns>
	<remarks></remarks>
</member><member name="T:BWConnect.IE">
	<summary>
 Class to management Internet Explorer
 </summary>
	<remarks></remarks>
</member>
</members>
</doc>